gRNA Sequence,Hit Count
AAGGAAGGGCTTTATTCAGC,438
AGGAAGGGCTTTATTCAGCT,349
GACACCGAGTTGTAGAAGGA,251
ACACCGAGTTGTAGAAGGAA,247
GCAAGCAGGCGGTACGTGAC,235
GGCAGGCGCAGGCCTGGTTT,189
CGTGATTGATTTGAGCAAGC,147
GATTGATTTGAGCAAGCAGG,137
ATGTTCTTCTATACAATGTC,133
ACGATTTCTGTCCCTTTTAA,129
GCAGGCGCAGGCCTGGTTTC,129
CACGATTTCTGTCCCTTTTA,124
ACTAAACATTTCACATGAAA,119
CACTAAACATTTCACATGAA,115
AGGCCAGGCAGGCGCAGGCC,108
CTACTGAGTTTAGGCCAGGC,96
GAGTATAAAACAATATGAGA,75
TTGTTGTTTTTTCTTAAAAT,73
CCTGGTTTCGGGCCTAGCGC,41
CTGGTTTCGGGCCTAGCGCC,34
GCAGTCAGAGAGAAACAACA,9
GATTTTTCACTACTGAGTTT,5
AGTTTAGGCCAGGCAGGCGC,4
ACGTGACAGGCTGCATGCAC,4
CAGAGAGAAACAACACGGCA,3
TTCACTACTGAGTTTAGGCC,3
TCAAGACACCGAGTTGTAGA,2
AGCGCCGGGCTGCCTGTCCT,2
TCAGAGAGAAACAACACGGC,1
